{"frames":{"ferris_wheel0.png":{"frame":{"x":0,"y":0,"w":231,"h":258},"rotated":false,"trimmed":false,"spriteSourceSize":{"x":0,"y":0,"w":231,"h":258},"sourceSize":{"w":231,"h":258}},"ferris_wheel1.png":{"frame":{"x":0,"y":258,"w":231,"h":258},"rotated":false,"trimmed":false,"spriteSourceSize":{"x":0,"y":0,"w":231,"h":258},"sourceSize":{"w":231,"h":258}}},"meta":{"app":"https://github.com/piskelapp/piskel/","version":"1.0","image":"ferris_wheel.png","format":"RGBA8888","size":{"w":231,"h":516}}}